,IV,features
0,0.0427161174727794,age
1,1.5263617828673817,percent_days_transacted_in_l6m
2,0.03951195116901102,Salaried
3,0.6675271285849091,logged_in_l3m
4,inf,trv_l1m
5,inf,trv_l1m_l6m_ratio
6,inf,cr_dr_ratio_l6m
7,0.03877855618099471,Checked_balance
8,0.11361905588152138,Paid_utility_bills
9,0.14889598496682666,Pays_insurance_premium
10,0.3242361162596711,Spends_on_ecommerce
11,0.15939169267313447,debits_below_10_percent_on_debit_card_spends
12,0.7824770432361564,ever_booked_mf_with_kbl
13,0.17536838569331986,Opneded_fd_last_6m
14,0.2880677265124134,Resdies_in_metro_urban
15,0.14906162306046344,mum_del_kolkata_region
