,VIF Factor,features
0,4.154486674417789,age
1,2.6139571460514923,percent_days_transacted_in_l6m
2,1.4412292031983027,Salaried
3,1.5333621442542043,logged_in_l3m
4,1.030583050943047,trv_l1m
5,1.0002141360280006,trv_l1m_l6m_ratio
6,1.0472834624116372,cr_dr_ratio_l6m
7,1.0715161907650168,Checked_balance
8,1.1584106746223246,Paid_utility_bills
9,1.2848782242096934,Pays_insurance_premium
10,1.244345722171056,Spends_on_ecommerce
11,4.941457806380232,debits_below_10_percent_on_debit_card_spends
12,1.0420875524655606,ever_booked_mf_with_kbl
13,1.0934114676651043,Opneded_fd_last_6m
14,2.4007877459784903,Resdies_in_metro_urban
15,1.2690888341326034,mum_del_kolkata_region
